{"detached": {"discretization": [0.03490658503988659, 0.05235987755982989, 0.05585053606381855, 0.05934119456780721, 0.06283185307179587, 0.06632251157578453, 0.0698131700797732, 0.07330382858376186, 0.07679448708775052, 0.08028514559173919, 0.08377580409572785, 0.0872664625997165, 0.09075712110370517, 0.09424777960769383, 0.0977384381116825, 0.10122909661567116, 0.10471975511965982, 0.10821041362364849, 0.11170107212763715, 0.1151917306316258, 0.11868238913561446, 0.12217304763960313, 0.1256637061435918, 0.12915436464758046, 0.13264502315156912, 0.13613568165555778, 0.13962634015954642, 0.1431169986635351, 0.14660765716752377, 0.15009831567151244, 0.15358897417550108, 0.15707963267948974, 0.16057029118347843, 0.16406094968746707, 0.16755160819145573, 0.1710422666954444, 0.1745329251994331, 0.17802358370342172, 0.18151424220741036, 0.18500490071139905, 0.18849555921538771, 0.19198621771937638, 0.19547687622336501, 0.1989675347273537, 0.20245819323134237, 0.20594885173533103, 0.20943951023931967, 0.21293016874330833, 0.21642082724729703, 0.21991148575128566, 0.22340214425527433], "correction": [1.0, 1.1527343749999999, 1.1527343749999999, 1.1527343749999999, 1.169140625, 1.1800781249999999, 1.1800781249999999, 1.1800781249999999, 1.1855468749999998, 1.1964843749999998, 1.2074218749999999, 1.2183593749999997, 1.1800781249999999, 1.2074218749999999, 1.1800781249999999, 1.1964843749999998, 1.2347656249999999, 1.2074218749999999, 1.174609375, 1.2074218749999999, 1.1800781249999999, 1.2292968749999997, 1.2074218749999999, 1.1855468749999998, 1.256640625, 1.2347656249999999, 1.2128906249999998, 1.278515625, 1.256640625, 1.2347656249999999, 1.2128906249999998, 1.289453125, 1.267578125, 1.245703125, 1.2292968749999997, 1.2074218749999999, 1.3003906250000001, 1.278515625, 1.256640625, 1.2511718749999998, 1.147265625, 1.2128906249999998, 1.2074218749999999, 1.3003906250000001, 1.278515625, 1.267578125, 1.256640625, 1.245703125, 1.2402343749999998, 1.147265625, 1.147265625]}}