{"over-contact": {"discretization": [0.03490658503988659, 0.05235987755982989, 0.061086523819801536, 0.06981317007977318, 0.07853981633974483, 0.08726646259971647, 0.09599310885968812, 0.10471975511965978, 0.11344640137963143, 0.12217304763960307, 0.1308996938995747, 0.13962634015954636, 0.14835298641951802, 0.15707963267948966, 0.16580627893946132, 0.17453292519943295, 0.1832595714594046, 0.19198621771937624, 0.2007128639793479, 0.20943951023931956, 0.2181661564992912], "correction": [1.0, 0.9984375, 0.9765625, 0.9984375, 0.9984375, 1.0203125, 1.0203125, 1.0421875, 1.0640625, 1.0421875, 1.0203125, 1.0421875, 1.0640625, 1.0640625, 1.0640625, 1.0640625, 1.1078124999999999, 1.0640625, 1.1296875, 1.1078124999999999, 1.1078124999999999]}}
