{
    "0": 997.1045699693957,
    "1": 1002.7526967062113,
    "2": 1007.6738414025361,
    "3": 1009.200506519429,
    "4": 1010.6118452907183,
    "5": 1013.4585771861435,
    "6": 1015.49455965889,
    "7": 1021.6822627545074,
    "8": 1022.3303889603843,
    "9": 1027.6318646974064,
    "10": 1029.8155380277553,
    "11": 1031.8923595410379,
    "12": 1033.931246460564,
    "13": 1038.2719989612672,
    "14": 1044.788362373349,
    "15": 1046.1393727142972,
    "16": 1047.238122690152,
    "17": 1050.4231699209054,
    "18": 1051.779632674778,
    "19": 1055.3849324180537
}
