{"system": {"eccentricity": {"value": 0.013668637370637926,
"confidence_interval": {"min": 0.008337270318416959,
"max": 0.01889160278930843},
"fixed": false,
"min": 0.0,
"max": 0.04,
"unit": null},
"argument_of_periastron": {"value": 275.70101310242404,
"confidence_interval": {"min": 230.55465070522573,
"max": 317.6240586906827},
"fixed": false,
"min": 0.0,
"max": 360.0,
"unit": "deg"},
"gamma": {"value": -24467.001086656113,
"confidence_interval": {"min": -24904.7285312662,
"max": -23973.121284528217},
"fixed": false,
"min": -30000.0,
"max": -10000.0,
"unit": "m / s"},
"mass_ratio": {"value": 1.0782877371967952,
"confidence_interval": {"min": 1.0651074914773515,
"max": 1.0925255359103407},
"fixed": false,
"min": 0.9,
"max": 1.2,
"unit": null},
"asini": {"value": 11.865636331041166,
"confidence_interval": {"min": 11.696699717066004,
"max": 12.019428074349438},
"fixed": false,
"min": 8.0,
"max": 15.0,
"unit": "solRad"},
"primary_minimum_time": {"value": 54953.87013363483,
"confidence_interval": {"min": 54953.861163788744,
"max": 54953.880173518075},
"fixed": false,
"min": 54953.8,
"max": 54954.0,
"unit": "d"},
"period": {"value": 2.47028376,
"fixed": true,
"unit": "d"}},
"r_squared": {"value": 0.993542746613867,
"unit": null}}