{"primary": {"surface_potential": {"value": 8.183487924506142,
"confidence_interval": {"min": 7.980452788913454,
"max": 8.400554208562943},
"fixed": false,
"min": 7.6,
"max": 8.7,
"unit": null},
"t_eff": {"value": 7022.0,
"fixed": true,
"unit": "K"},
"albedo": {"value": 1.0,
"fixed": true,
"unit": null},
"gravity_darkening": {"value": 1.0,
"fixed": true,
"unit": null}},
"secondary": {"t_eff": {"value": 6928.27823070446,
"confidence_interval": {"min": 6833.817183517931,
"max": 7107.214758378094},
"fixed": false,
"min": 6700.0,
"max": 7300.0,
"unit": "K"},
"surface_potential": {"value": 5.326180053453835,
"confidence_interval": {"min": 5.0060043030322605,
"max": 5.628580782303334},
"fixed": false,
"min": 4.8,
"max": 5.8,
"unit": null},
"albedo": {"value": 1.0,
"fixed": true,
"unit": null},
"gravity_darkening": {"value": 1.0,
"fixed": true,
"unit": null}},
"system": {"eccentricity": {"value": 0.03197308828443549,
"confidence_interval": {"min": 0.022917489508357133,
"max": 0.04321068647318663},
"fixed": false,
"min": 0.0,
"max": 0.05,
"unit": null},
"argument_of_periastron": {"value": 170.2752812866273,
"confidence_interval": {"min": 25.65659142930766,
"max": 315.9896142386348},
"fixed": false,
"min": 0.0,
"max": 360.0,
"unit": "deg"},
"inclination": {"value": 81.03342040132024,
"confidence_interval": {"min": 80.20928283823667,
"max": 81.91745828957421},
"fixed": false,
"min": 79.0,
"max": 83.0,
"unit": "deg"},
"additional_light": {"value": 0.25850271380419576,
"confidence_interval": {"min": 0.23477384058873396,
"max": 0.29118940757329764},
"fixed": false,
"min": 0.2,
"max": 0.3,
"unit": null},
"period": {"value": 2.47028376,
"fixed": true,
"unit": "d"},
"mass_ratio": {"value": 1.077,
"fixed": true,
"unit": null},
"phase_shift": {"value": -0.00028702718983036543,
"fixed": true,
"unit": null},
"semi_major_axis": {"value": 12.00672919257958,
"constraint": "11.86 / sin(radians(system@inclination))",
"unit": "solRad"}},
"r_squared": {"value": 0.9919958860101521,
"unit": null}}