{
    "system": "ab",
    "unit": "W / m2",
    "fluxes": {
        "bolometric": 2.518021002e-08,
        "Generic.Bessell.U": 5.19374006e-09,
        "Generic.Bessell.B": 5.44077424e-09,
        "Generic.Bessell.V": 3.2780590708e-09,
        "Generic.Bessell.R": 4.2095949049e-09,
        "Generic.Bessell.I": 2.556420193e-09,
        "SLOAN.SDSS.u": 4.5235316333e-09,
        "SLOAN.SDSS.g": 5.3100808532e-09,
        "SLOAN.SDSS.r": 3.0465923987e-09,
        "SLOAN.SDSS.i": 2.1578507727e-09,
        "SLOAN.SDSS.z": 1.5914926725e-09,
        "Generic.Stromgren.u": 3.4109969868e-09,
        "Generic.Stromgren.v": 1.4430964206e-09,
        "Generic.Stromgren.b": 1.0115579184e-09,
        "Generic.Stromgren.y": 9.20710038e-10,
        "Kepler": 1.13913746645E-08,
        "GaiaDR2": 1.14123934557E-08,
        "TESS": 7.6347460572E-09
    },
    "reference_magnitudes": {
        "bolometric": 0.00,
        "Generic.Bessell.U": 0.0,
        "Generic.Bessell.B": 0.0,
        "Generic.Bessell.V": 0.0,
        "Generic.Bessell.R": 0.0,
        "Generic.Bessell.I": 0.0,
        "SLOAN.SDSS.u": 0.0,
        "SLOAN.SDSS.g": 0.0,
        "SLOAN.SDSS.r": 0.0,
        "SLOAN.SDSS.i": 0.0,
        "SLOAN.SDSS.z": 0.0,
        "Generic.Stromgren.u": 0.0,
        "Generic.Stromgren.v": 0.0,
        "Generic.Stromgren.b": 0.0,
        "Generic.Stromgren.y": 0.0,
        "Kepler": 0.0,
        "GaiaDR2": 0.0,
        "TESS": 0.0
    }
}