{
  "primary": {
    "jd": [
      55368.69640,
      55369.68750,
      55369.74050,
      55369.77090,
      55369.81900,
      55401.84130,
      55401.91260,
      55405.77960,
      55431.71390,
      55432.75000,
      55432.78200,
      55432.84800,
      55432.90850,
      55716.91260,
      55753.86610,
      55815.81610,
      56234.64850,
      56235.65210,
      56488.67840
    ],
    "vr": [
      26.45,
      -138.28,
      -137.22,
      -120.84,
      -107.08,
      -144.06,
      -110.21,
      25.74,
      -65.02,
      71.84,
      67.42,
      58.27,
      35.85,
      50.85,
      70.88,
      27.82,
      -62.81,
      68.45,
      -134.76
    ],
    "err": [
      0.23,
      0.31,
      0.29,
      0.31,
      0.32,
      0.16,
      0.16,
      0.14,
      0.26,
      0.32,
      0.31,
      0.28,
      0.27,
      0.31,
      0.28,
      0.27,
      0.29,
      0.27,
      0.19
    ]
  },
  "secondary": {
    "jd": [
      55368.69640,
      55369.68750,
      55369.74050,
      55369.77090,
      55369.81900,
      55401.84130,
      55401.91260,
      55405.77960,
      55431.71390,
      55432.75000,
      55432.78200,
      55432.84800,
      55432.90850,
      55716.91260,
      55753.86610,
      55815.81610,
      56234.64850,
      56235.65210,
      56488.67840
    ],
    "vr": [
      -74.63,
      80.46,
      74.33,
      63.50,
      53.27,
      72.96,
      59.84,
      -62.75,
      14.66,
      -110.99,
      -106.47,
      -93.67,
      -75.32,
      -105.56,
      -127.31,
      -79.26,
      1.40,
      -95.52,
      102.47
    ],
    "err": [
      0.35,
      0.48,
      0.43,
      0.48,
      0.49,
      0.23,
      0.23,
      0.20,
      0.41,
      0.50,
      0.49,
      0.42,
      0.43,
      0.49,
      0.43,
      0.44,
      0.45,
      0.42,
      0.27
    ]
  }
}
