{
    "phases": [
        0.05,
        0.05740740740740741,
        0.06481481481481483,
        0.07222222222222223,
        0.07962962962962963,
        0.08703703703703704,
        0.09444444444444444,
        0.10185185185185186,
        0.10925925925925926,
        0.11666666666666667
    ],
    "primary": [
        -26271.997192649505,
        -29581.426945739266,
        -38939.61847602941,
        -47583.863771886434,
        -49801.958175958185,
        -50739.74919973234,
        -57535.20119723252,
        -66835.67109563467,
        -70681.30315915709,
        -70276.44272465733
    ],
    "secondary": [
        28708.29145668347,
        36651.522024042424,
        38275.28050471297,
        40328.00055997459,
        48501.38936811986,
        57637.00713169397,
        60594.186105961315,
        60721.29971622073,
        65963.72396207963,
        75103.32811920422
    ]
}