{
    "phases": [
        0.05,
        0.05740740740740741,
        0.06481481481481483,
        0.07222222222222223,
        0.07962962962962963,
        0.08703703703703704,
        0.09444444444444444,
        0.10185185185185186,
        0.10925925925925926,
        0.11666666666666667
    ],
    "primary": [
        -26227.620662989753,
        -29591.811723346884,
        -38985.52586661299,
        -47585.57364743386,
        -49758.06585490191,
        -50726.633979782186,
        -57574.15466308074,
        -66857.95689459538,
        -70650.34801414041,
        -70247.13436553301
    ],
    "secondary": [
        28663.744729693906,
        36661.33513291695,
        38321.21465049549,
        40330.24250445002,
        48457.61583230826,
        57623.43642857141,
        60632.91924825622,
        60743.934526618556,
        65933.05226432886,
        75073.77852523253
    ]
}