{
  "phases": [
    -2.00000000e-01,
    -1.50000000e-01,
    -1.00000000e-01,
    -5.00000000e-02,
    -5.55111512e-17,
    5.00000000e-02,
    1.00000000e-01,
    1.50000000e-01,
    2.00000000e-01,
    2.50000000e-01,
    3.00000000e-01,
    3.50000000e-01,
    4.00000000e-01,
    4.50000000e-01,
    5.00000000e-01,
    5.50000000e-01,
    6.00000000e-01,
    6.50000000e-01,
    7.00000000e-01,
    7.50000000e-01,
    8.00000000e-01,
    8.50000000e-01,
    9.00000000e-01,
    9.50000000e-01,
    1.00000000e+00,
    1.05000000e+00,
    1.10000000e+00,
    1.15000000e+00,
    1.20000000e+00
  ],
  "primary": [
    -1.56052566e+03,
    -1.32746241e+03,
    -9.64457897e+02,
    -5.07045523e+02,
    -5.02360459e-13,
    5.07045523e+02,
    9.64457897e+02,
    1.32746241e+03,
    1.56052566e+03,
    1.64083378e+03,
    1.56052566e+03,
    1.32746241e+03,
    9.64457897e+02,
    5.07045523e+02,
    1.75876943e-12,
    -5.07045523e+02,
    -9.64457897e+02,
    -1.32746241e+03,
    -1.56052566e+03,
    -1.64083378e+03,
    -1.56052566e+03,
    -1.32746241e+03,
    -9.64457897e+02,
    -5.07045523e+02,
    -3.41706677e-12,
    5.07045523e+02,
    9.64457897e+02,
    1.32746241e+03,
    1.56052566e+03
  ],
  "secondary": [
    3.12105132e+03,
    2.65492483e+03,
    1.92891579e+03,
    1.01409105e+03,
    1.00472092e-12,
    -1.01409105e+03,
    -1.92891579e+03,
    -2.65492483e+03,
    -3.12105132e+03,
    -3.28166756e+03,
    -3.12105132e+03,
    -2.65492483e+03,
    -1.92891579e+03,
    -1.01409105e+03,
    -3.51753886e-12,
    1.01409105e+03,
    1.92891579e+03,
    2.65492483e+03,
    3.12105132e+03,
    3.28166756e+03,
    3.12105132e+03,
    2.65492483e+03,
    1.92891579e+03,
    1.01409105e+03,
    6.83413353e-12,
    -1.01409105e+03,
    -1.92891579e+03,
    -2.65492483e+03,
    -3.12105132e+03
  ]
}
