{
    "phases": [
        -0.2,
        -0.15000000000000002,
        -0.10000000000000003,
        -0.050000000000000044,
        -5.551115123125783e-17,
        0.04999999999999993,
        0.09999999999999992,
        0.1499999999999999,
        0.1999999999999999,
        0.2499999999999999,
        0.2999999999999999,
        0.3499999999999998,
        0.39999999999999986,
        0.4499999999999999,
        0.49999999999999983,
        0.5499999999999998,
        0.5999999999999999,
        0.6499999999999999,
        0.6999999999999997,
        0.7499999999999998,
        0.7999999999999998,
        0.8499999999999999,
        0.8999999999999997,
        0.9499999999999997,
        0.9999999999999998,
        1.0499999999999998,
        1.0999999999999999,
        1.1499999999999997
    ],
    "primary": [
        92946.51821237736,
        96893.30747167862,
        86927.65336752034,
        54419.17700428925,
        -6.7179947366176835e-12,
        -54419.17700428925,
        -86927.65336752034,
        -96893.30747167862,
        -92946.51821237736,
        -81792.37565168539,
        -67225.64747557556,
        -51096.49798600836,
        -34282.54885229555,
        -17189.099753069684,
        -1.2044015756404576e-11,
        17189.099753069662,
        34282.548852295535,
        51096.4979860084,
        67225.6474755755,
        81792.37565168542,
        92946.51821237736,
        96893.30747167862,
        86927.65336752034,
        54419.17700428925,
        -6.7179947366176835e-12,
        -54419.17700428925,
        -86927.65336752034,
        -96893.30747167862
    ],
    "secondary": [
        -92953.01973179921,
        -96888.11160883843,
        -86884.52873560647,
        -54308.1969190381,
        6.338756201348356e-12,
        54308.19691903809,
        86884.52873560647,
        96888.11160883843,
        92953.01973179923,
        81806.73719573564,
        67244.30956247229,
        51115.042995116186,
        34297.15148755049,
        17993.965641988914,
        2.5521662447400405e-11,
        -17993.965641988903,
        -34297.15148755049,
        -51115.04299511621,
        -67244.30956247225,
        -81806.73719573565,
        -92953.01973179921,
        -96888.11160883843,
        -86884.52873560647,
        -54308.1969190381,
        6.338756201348356e-12,
        54308.19691903809,
        86884.52873560647,
        96888.11160883843
    ]
}