{
  "phases": [
    -2.00000000e-01,
    -1.50000000e-01,
    -1.00000000e-01,
    -5.00000000e-02,
    -5.55111512e-17,
    5.00000000e-02,
    1.00000000e-01,
    1.50000000e-01,
    2.00000000e-01,
    2.50000000e-01,
    3.00000000e-01,
    3.50000000e-01,
    4.00000000e-01,
    4.50000000e-01,
    5.00000000e-01,
    5.50000000e-01,
    6.00000000e-01,
    6.50000000e-01,
    7.00000000e-01,
    7.50000000e-01,
    8.00000000e-01,
    8.50000000e-01,
    9.00000000e-01,
    9.50000000e-01,
    1.00000000e+00,
    1.05000000e+00,
    1.10000000e+00,
    1.15000000e+00,
    1.20000000e+00
  ],
  "primary": [
    -4.79418062e-01,
    -5.00000000e-01,
    -4.48454776e-01,
    -2.80559347e-01,
    -1.05144791e-15,
    2.80559347e-01,
    4.48454776e-01,
    5.00000000e-01,
    4.79418062e-01,
    4.21896302e-01,
    3.46776087e-01,
    2.63589910e-01,
    1.76860997e-01,
    8.86803695e-02,
    8.27426512e-17,
    -8.86803695e-02,
    -1.76860997e-01,
    -2.63589910e-01,
    -3.46776087e-01,
    -4.21896302e-01,
    -4.79418062e-01,
    -5.00000000e-01,
    -4.48454776e-01,
    -2.80559347e-01,
    -1.94047506e-15,
    2.80559347e-01,
    4.48454776e-01,
    5.00000000e-01,
    4.79418062e-01
  ],
  "secondary": [
    9.58836124e-01,
    1.00000000e+00,
    8.96909551e-01,
    5.61118694e-01,
    2.10289582e-15,
    -5.61118694e-01,
    -8.96909551e-01,
    -1.00000000e+00,
    -9.58836124e-01,
    -8.43792604e-01,
    -6.93552174e-01,
    -5.27179821e-01,
    -3.53721993e-01,
    -1.77360739e-01,
    -1.65485302e-16,
    1.77360739e-01,
    3.53721993e-01,
    5.27179821e-01,
    6.93552174e-01,
    8.43792604e-01,
    9.58836124e-01,
    1.00000000e+00,
    8.96909551e-01,
    5.61118694e-01,
    3.88095012e-15,
    -5.61118694e-01,
    -8.96909551e-01,
    -1.00000000e+00,
    -9.58836124e-01
  ]
}
