{
    "phases": [
        -0.2,
        -0.15000000000000002,
        -0.10000000000000003,
        -0.050000000000000044,
        -5.551115123125783e-17,
        0.04999999999999993,
        0.09999999999999992,
        0.1499999999999999,
        0.1999999999999999,
        0.2499999999999999,
        0.2999999999999999,
        0.3499999999999998,
        0.39999999999999986,
        0.4499999999999999,
        0.49999999999999983,
        0.5499999999999998,
        0.5999999999999999,
        0.6499999999999999,
        0.6999999999999997,
        0.7499999999999998,
        0.7999999999999998,
        0.8499999999999999,
        0.8999999999999997,
        0.9499999999999997,
        0.9999999999999998,
        1.0499999999999998,
        1.0999999999999999,
        1.1499999999999997
    ],
    "primary": [
        46748.48273538678,
        33363.05350527525,
        17678.211253776655,
        -468.64042815064937,
        -21307.757869155972,
        -44915.90108392333,
        -70760.26641505609,
        -96520.97284979046,
        -115390.68774436189,
        -114030.53292175021,
        -81620.76594319353,
        -30089.373835970277,
        16446.19457408932,
        47819.70836835279,
        65624.13138350088,
        73840.94868209554,
        75573.83795867352,
        72796.99021289698,
        66682.63466300165,
        57890.14290444809,
        46748.48273538678,
        33363.05350527525,
        17678.211253776655,
        -468.64042815064937,
        -21307.757869155972,
        -44915.90108392333,
        -70760.26641505609,
        -96520.97284979046
    ],
    "secondary": [
        -46026.07936420899,
        -34121.87519067596,
        -18838.25092269997,
        -472.22465974455173,
        21307.757869156198,
        46664.56424886788,
        74981.59554865627,
        103276.45166679486,
        108415.52190538857,
        111411.05565969688,
        81731.46051319312,
        39028.878501653315,
        -16537.785269068285,
        -47948.23990046506,
        -65726.85408655221,
        -73889.87722467454,
        -75563.71398000006,
        -72734.30016776161,
        -66579.54004895405,
        -57761.5343473278,
        -46026.07936420899,
        -34121.87519067596,
        -18838.25092269997,
        -472.22465974455173,
        21307.757869156198,
        46664.56424886788,
        74981.59554865627,
        103276.45166679486
    ]
}