{
    "phases": [
        -0.2,
        -0.1,
        0.0,
        0.10000000000000003,
        0.2,
        0.3,
        0.4000000000000001,
        0.5,
        0.6000000000000001,
        0.7,
        0.8,
        0.9000000000000001,
        1.0000000000000002,
        1.1
    ],
    "primary": [
        56286.58199907553,
        34843.239123438856,
        -308.0022536687251,
        -35371.34918091799,
        -56992.59762538671,
        -56830.78927593574,
        -35088.360492684486,
        1.1697217164008733,
        35208.364890625104,
        57268.91841789793,
        57621.39917654817,
        35622.707800846336,
        -422.4740752556384,
        -35984.078674324104
    ],
    "secondary": [
        -113681.74935151433,
        -70273.06074244482,
        -1.331976514530307e-06,
        70273.06028863938,
        113681.74867838797,
        113646.64122247632,
        70223.17713905904,
        NaN,
        -70223.17661323605,
        -113646.6409443261,
        -113681.74935151433,
        -70273.06074244471,
        -1.3317903239311603e-06,
        70273.06028863945
    ]
}