{"phases": [-0.2, -0.1, 0.0, 0.10000000000000003, 0.2, 0.3, 0.4000000000000001, 0.5, 0.6000000000000001, 0.7, 0.8, 0.9000000000000001, 1.0000000000000002, 1.1],
  "primary": [56865.705970756084, 35244.41735735221, -6.567167642223913e-13, -35244.417357352206, -56865.70597075608, -56761.24809901738, -35062.5641258381, -7.173049378027033e-12, 35062.56412583808, 56761.248099017364, 56865.705970756084, 35244.41735735221, -6.567167642223913e-13, -35244.417357352206],
  "secondary": [-113711.34198897936, -70289.20590910337, 0.0, 70289.20590910337, 113711.34198897934, 113682.04487928342, 70247.45949866381, NaN, -70247.45949866378, -113682.04487928339, -113711.34198897936, -70289.20590910337, 0.0, 70289.20590910337]}