{
    "phases": [
        -0.2,
        -0.1,
        0.0,
        0.10000000000000003,
        0.2,
        0.3,
        0.4000000000000001,
        0.5,
        0.6000000000000001,
        0.7,
        0.8,
        0.9000000000000001,
        1.0000000000000002,
        1.1
    ],
    "primary": [
        56286.58199907553,
        34716.34342864881,
        -305.1522265797148,
        -35241.05727661339,
        -56877.15191523005,
        -56793.269941781255,
        -35086.237579760666,
        1.1697217164008733,
        35206.28047866769,
        57230.69030713317,
        57497.35630800726,
        35480.63716357006,
        -419.25067703319064,
        -35840.24932034505
    ],
    "secondary": [
        -113681.74935151433,
        -70273.10267003608,
        -3.906090957715144e-06,
        70273.24764566816,
        113683.47548899786,
        113651.16014129472,
        70228.15714971312,
        NaN,
        -70232.3856713954,
        -113660.19902633563,
        -113689.16386768196,
        -70274.01790973765,
        -1.6316026376654982e-06,
        70273.92968645401
    ]
}