{
    "phases": [
        -0.2,
        -0.1,
        0.0,
        0.10000000000000003,
        0.2,
        0.3,
        0.4000000000000001,
        0.5,
        0.6000000000000001,
        0.7,
        0.8,
        0.9000000000000001,
        1.0000000000000002,
        1.1
    ],
    "primary": [
        44186.60413409783,
        19601.5879866262,
        -15644.400225049285,
        -71434.3301146085,
        -116323.83944770687,
        -81932.51629139287,
        16554.323325618076,
        66003.9946854656,
        75967.90122180952,
        66992.09951812272,
        44186.60413409783,
        19601.5879866262,
        -15644.400225049285,
        -71434.3301146085
    ],
    "secondary": [
        -46435.3494789984,
        -17845.7115306459,
        22189.617772611055,
        70077.92597170213,
        116693.68002904377,
        82044.16637330406,
        -16593.611352202643,
        -66011.92688855522,
        -75968.04006052487,
        -66995.94839558084,
        -46435.3494789984,
        -17845.7115306459,
        22189.617772611055,
        70077.92597170213
    ]
}