{
    "phases": [
        -0.2,
        -0.1,
        0.0,
        0.10000000000000003,
        0.2,
        0.3,
        0.4000000000000001,
        0.5,
        0.6000000000000001,
        0.7,
        0.8,
        0.9000000000000001,
        1.0000000000000002,
        1.1
    ],
    "primary": [
        46752.189962148426,
        17671.227133262866,
        -21307.757869156165,
        -70754.39766031604,
        -115397.33297322752,
        -81620.76593856835,
        16446.194573707344,
        65752.77599513036,
        75659.4890205376,
        66718.88402028456,
        46752.189962148426,
        17671.227133262866,
        -21307.757869156165,
        -70754.39766031604
    ],
    "secondary": [
        -43293.227037821,
        -18920.287766371843,
        21307.757869156285,
        75081.80739312596,
        123057.5902005257,
        81731.45551178251,
        -16537.78164682477,
        -65760.64613394241,
        -75658.48256776409,
        -66707.12039628568,
        -43293.227037821,
        -18920.287766371843,
        21307.757869156285,
        75081.80739312596
    ]
}