{
    "phases": [
        -0.2,
        -0.1,
        0.0,
        0.10000000000000003,
        0.2,
        0.3,
        0.4000000000000001,
        0.5,
        0.6000000000000001,
        0.7,
        0.8,
        0.9000000000000001,
        1.0000000000000002,
        1.1
    ],
    "primary": [
        56369.06415706311,
        34521.86034741471,
        -379.058610333713,
        -35249.88421688503,
        -56868.46252354437,
        -56759.51304035164,
        -35059.16981714326,
        226.9642986166838,
        35790.805311128504,
        57246.61101507087,
        56369.06415706311,
        34521.86034741471,
        -379.058610333713,
        -35249.88421688503
    ],
    "secondary": [
        -113709.9751050809,
        -70287.01622219046,
        3.436130081299706,
        70442.76601500748,
        114120.7246687329,
        113856.07125922332,
        69916.82335741943,
        NaN,
        -70317.81080062286,
        -113682.85299909249,
        -113709.9751050809,
        -70287.01622219046,
        3.436130081299706,
        70442.76601500748
    ]
}