{
    "phases": [
        -0.2,
        -0.1,
        0.0,
        0.10000000000000003,
        0.2,
        0.3,
        0.4000000000000001,
        0.5,
        0.6000000000000001,
        0.7,
        0.8,
        0.9000000000000001,
        1.0000000000000002,
        1.1
    ],
    "primary": [
        46930.80617024977,
        17738.739112390085,
        -687.9791291857096,
        -71024.72076563461,
        -115838.29390502626,
        -81932.51629139287,
        16508.764070007557,
        66003.9946854656,
        75948.5281288308,
        66973.76834408933,
        46930.80617024977,
        17738.739112390085,
        -687.9791291857096,
        -71024.72076563461
    ],
    "secondary": [
        -43458.549960292934,
        -18992.496804704933,
        21389.15004262944,
        75368.5963701954,
        123527.6079425995,
        82044.16637330406,
        -16601.131787888495,
        -66011.92688855522,
        -75947.4806910719,
        -66961.9124975784,
        -43458.549960292934,
        -18992.496804704933,
        21389.15004262944,
        75368.5963701954
    ]
}