{
    "phases": [
        -0.2,
        -0.1,
        0.0,
        0.10000000000000003,
        0.2,
        0.3,
        0.4000000000000001,
        0.5,
        0.6000000000000001,
        0.7,
        0.8,
        0.9000000000000001,
        1.0000000000000002,
        1.1
    ],
    "primary": [
        46763.628836588425,
        17675.663329693583,
        -21307.757869156165,
        -70753.9407978868,
        -115414.92761201854,
        -81620.76593856835,
        16491.464139057614,
        65752.77599513036,
        75678.79111360868,
        66737.1683977545,
        46763.628836588425,
        17675.663329693583,
        -21307.757869156165,
        -70753.9407978868
    ],
    "secondary": [
        -46768.17469924831,
        -17677.153954128422,
        21307.75786915629,
        70737.05171766605,
        115386.62266509866,
        81731.45551178251,
        -16530.38535179285,
        -65760.64613394241,
        -75678.9619299789,
        -66740.98967397411,
        -46768.17469924831,
        -17677.153954128422,
        21307.75786915629,
        70737.05171766605
    ]
}