{
    "phases": [
        -0.2,
        -0.1,
        0.0,
        0.10000000000000003,
        0.2,
        0.3,
        0.4000000000000001,
        0.5,
        0.6000000000000001,
        0.7,
        0.8,
        0.9000000000000001,
        1.0000000000000002,
        1.1
    ],
    "primary": [
        46942.256082461594,
        17743.17825951223,
        -22.74313580689762,
        -71024.2829788291,
        -115855.87261169578,
        -81932.51629139287,
        16554.323325618076,
        66003.9946854656,
        75967.90122180952,
        66992.09951812272,
        46942.256082461594,
        17743.17825951223,
        -22.74313580689762,
        -71024.2829788291
    ],
    "secondary": [
        -46946.82567047657,
        -17744.664049275194,
        21389.150042629448,
        71007.24068350208,
        115827.36302137343,
        82044.16637330406,
        -16593.611352202643,
        -66011.92688855522,
        -75968.04006052487,
        -66995.94839558084,
        -46946.82567047657,
        -17744.664049275194,
        21389.150042629448,
        71007.24068350208
    ]
}