{
    "phases": [
        -0.2,
        -0.15000000000000002,
        -0.10000000000000003,
        -0.050000000000000044,
        -5.551115123125783e-17,
        0.04999999999999993,
        0.09999999999999992,
        0.1499999999999999,
        0.1999999999999999,
        0.2499999999999999,
        0.2999999999999999,
        0.3499999999999998,
        0.39999999999999986,
        0.4499999999999999,
        0.49999999999999983,
        0.5499999999999998,
        0.5999999999999999,
        0.6499999999999999,
        0.6999999999999997,
        0.7499999999999998,
        0.7999999999999998,
        0.8499999999999999,
        0.8999999999999997,
        0.9499999999999997,
        0.9999999999999998,
        1.0499999999999998,
        1.0999999999999999,
        1.1499999999999997
    ],
    "primary": [
        46748.30358050993,
        33356.56579043507,
        17670.219554076742,
        -399.0607935027911,
        -21307.757869155972,
        -45087.21291854989,
        -70753.17438655096,
        -96520.722925711,
        -115414.92771262355,
        -114031.0097414195,
        -81620.76594319353,
        -30089.373835970277,
        16478.767248184,
        47923.259135313616,
        65729.84675094273,
        73931.35576719425,
        75642.58585519477,
        72843.57919605955,
        66709.48597847729,
        57901.16371819404,
        46748.30358050993,
        33356.56579043507,
        17670.219554076742,
        -399.0607935027911,
        -21307.757869155972,
        -45087.21291854989,
        -70753.17438655096,
        -96520.722925711
    ],
    "secondary": [
        -46713.38769557912,
        -33323.35720220215,
        -17643.624135732465,
        495.24078315637587,
        21307.757869156212,
        44885.296815579764,
        70727.17205631551,
        96450.4339397725,
        115386.62388840382,
        114089.382626126,
        81731.46051319312,
        39028.878501653315,
        -16531.745684768564,
        -47949.0096490305,
        -65751.63189342259,
        -73942.23919163903,
        -75640.24478392737,
        -72828.64981922646,
        -66684.32955018623,
        -57869.08799641379,
        -46713.38769557912,
        -33323.35720220215,
        -17643.624135732465,
        495.24078315637587,
        21307.757869156212,
        44885.296815579764,
        70727.17205631551,
        96450.4339397725
    ]
}