{
    "phases": [
        -0.2,
        -0.1,
        0.0,
        0.10000000000000003,
        0.2,
        0.3,
        0.4000000000000001,
        0.5,
        0.6000000000000001,
        0.7,
        0.8,
        0.9000000000000001,
        1.0000000000000002,
        1.1
    ],
    "primary": [
        44895.782125778744,
        19359.517066212673,
        -17703.595067609494,
        -70430.08940604767,
        -116293.27470648807,
        -81620.76594319353,
        16491.46413939615,
        65752.7758587119,
        75678.79111360868,
        66737.16839775455,
        44895.782125778744,
        19359.517066212673,
        -17703.595067609494,
        -70430.08940604767
    ],
    "secondary": [
        -46258.63446035305,
        -17913.118078401636,
        22024.2634731588,
        69853.61579535113,
        116249.64875177396,
        81731.46051319312,
        -16530.388253079276,
        -65760.64568415709,
        -75678.9619299789,
        -66740.98967397415,
        -46258.63446035305,
        -17913.118078401636,
        22024.2634731588,
        69853.61579535113
    ]
}