{
    "phases": [
        -0.2,
        -0.1,
        0.0,
        0.10000000000000003,
        0.2,
        0.3,
        0.4000000000000001,
        0.5,
        0.6000000000000001,
        0.7,
        0.8,
        0.9000000000000001,
        1.0000000000000002,
        1.1
    ],
    "primary": [
        44895.78212833377,
        18902.23969222816,
        -18563.804121194276,
        -70510.25939304075,
        -116293.27454794527,
        -81620.76593856835,
        16491.464139057614,
        65752.77599513036,
        75678.79111360868,
        66737.1683977545,
        44895.78212833377,
        18902.23969222816,
        -18563.804121194276,
        -70510.25939304075
    ],
    "secondary": [
        -46258.634475535364,
        -17777.82459465339,
        22105.219192056193,
        69811.37194403612,
        116249.64756995461,
        81731.45551178251,
        -16530.38535179285,
        -65760.64613394241,
        -75678.9619299789,
        -66740.98967397411,
        -46258.634475535364,
        -17777.82459465339,
        22105.219192056193,
        69811.37194403612
    ]
}