{
    "phases": [
        0.0,
        0.002,
        0.004,
        0.006,
        0.008
    ],
    "primary": [
        -22.74313580689762,
        -42330.25052838628,
        -42282.014103832305,
        -42218.475038153534,
        -42158.80181538591
    ],
    "secondary": [
        21389.150042629448,
        22283.644814428553,
        23182.568527124316,
        24086.100598133926,
        24994.1506805721
    ]
}