{
    "phases": [
        0.0,
        0.002,
        0.004,
        0.006,
        0.008
    ],
    "primary": [
        -21307.757869156165,
        -23432.240084592522,
        -25503.49181208387,
        -27462.271697132303,
        -29265.02121354862
    ],
    "secondary": [
        21307.75786915629,
        22198.800729428334,
        23094.362779221938,
        23994.4414399121,
        24898.997705002228
    ]
}