{
    "phases": [
        -0.2,
        -0.1,
        0.0,
        0.10000000000000003,
        0.2,
        0.3,
        0.4000000000000001,
        0.5,
        0.6000000000000001,
        0.7,
        0.8,
        0.9000000000000001,
        1.0000000000000002,
        1.1
    ],
    "primary": [
        59377.7862267463,
        55699.530473252795,
        -304.99697905007037,
        -56226.06467671808,
        -59971.521402309576,
        -43401.49634604787,
        -22141.72286524242,
        1.1696270972842904,
        22259.81596286506,
        43837.582841602394,
        60596.38739711697,
        56465.17990494212,
        -415.8928465511673,
        -56825.053350085225
    ],
    "secondary": [
        -120003.026115266,
        -112177.63731558836,
        -1.8898995627802937e-05,
        112183.07504185189,
        120016.32224811595,
        86831.50940729446,
        44288.678112752204,
        NaN,
        -44286.945510973674,
        -86825.42140746122,
        -120008.07214886099,
        -112183.51869184399,
        -1.3933458457768848e-05,
        112183.56210070245
    ]
}