{
    "phases": [
        -0.2,
        -0.1,
        0.0,
        0.10000000000000003,
        0.2,
        0.3,
        0.4000000000000001,
        0.5,
        0.6000000000000001,
        0.7,
        0.8,
        0.9000000000000001,
        1.0000000000000002,
        1.1
    ],
    "primary": [
        96772.56724297543,
        83606.6515701815,
        -2046.7136509791546,
        -86200.88581085844,
        -98679.3292198115,
        -86272.4884325693,
        -54192.17507014787,
        839.0104998306139,
        57071.52545615929,
        87454.27575328373,
        96772.56724297543,
        83606.6515701815,
        -2046.7136509791546,
        -86200.88581085844
    ],
    "secondary": [
        -182617.71807595476,
        -109415.1813173391,
        3.7885154091454565,
        110298.81091211262,
        184275.70966242874,
        199689.76343535897,
        149822.7791326752,
        NaN,
        -149827.1061020765,
        -198577.57290153624,
        -182617.71807595476,
        -109415.1813173391,
        3.7885154091454565,
        110298.81091211262
    ]
}