{
    "phases": [
        -0.2,
        -0.1,
        0.0,
        0.10000000000000003,
        0.2,
        0.3,
        0.4000000000000001,
        0.5,
        0.6000000000000001,
        0.7,
        0.8,
        0.9000000000000001,
        1.0000000000000002,
        1.1
    ],
    "primary": [
        98552.5749412475,
        86130.5038234582,
        0.0,
        -86130.50382345822,
        -98552.57494124751,
        -86164.47477606684,
        -54139.94076541096,
        -1.0626345789228658e-11,
        54139.94076541094,
        86164.47477606684,
        98552.5749412475,
        86130.5038234582,
        0.0,
        -86130.50382345822
    ],
    "secondary": [
        -182682.10804118417,
        -109442.68785683736,
        0.0,
        109442.68785683736,
        182682.10804118414,
        198628.55802660112,
        149730.1375747059,
        NaN,
        -149730.13757470585,
        -198628.5580266011,
        -182682.10804118417,
        -109442.68785683736,
        0.0,
        109442.68785683736
    ]
}