{
    "phases": [
        -0.2,
        -0.1,
        0.0,
        0.10000000000000003,
        0.2,
        0.3,
        0.4000000000000001,
        0.5,
        0.6000000000000001,
        0.7,
        0.8,
        0.9000000000000001,
        1.0000000000000002,
        1.1
    ],
    "primary": [
        96710.60915368795,
        83575.80080588232,
        -2050.673978390948,
        -86172.01947626017,
        -98617.50422875158,
        -86213.22524646432,
        -54160.23372627246,
        838.6242289202737,
        57036.47787162617,
        87393.5880485602,
        96710.60915368795,
        83575.80080588232,
        -2050.673978390948,
        -86172.01947626017
    ],
    "secondary": [
        -182723.3393542567,
        -109485.3768500977,
        4.124801843835171,
        110369.84726310208,
        184385.9140257463,
        199767.21596388385,
        149826.68997440938,
        NaN,
        -149832.34337607177,
        -198651.32807371023,
        -182723.3393542567,
        -109485.3768500977,
        4.124801843835171,
        110369.84726310208
    ]
}