{
    "phases": [
        0.0,
        4.5351473922902495e-05,
        9.070294784580499e-05,
        0.00013605442176870748,
        0.00018140589569160998,
        0.00022675736961451248,
        0.00027210884353741496,
        0.00031746031746031746,
        0.00036281179138321996,
        0.00040816326530612246,
        0.00045351473922902497,
        0.0004988662131519275,
        0.0005442176870748299,
        0.0005895691609977325,
        0.0006349206349206349,
        0.0006802721088435375,
        0.0007256235827664399,
        0.0007709750566893424,
        0.0008163265306122449,
        0.0008616780045351474,
        0.0009070294784580499,
        0.0009523809523809524,
        0.000997732426303855,
        0.0010430839002267575,
        0.0010884353741496598,
        0.0011337868480725624,
        0.001179138321995465,
        0.0012244897959183673,
        0.0012698412698412698,
        0.0013151927437641724,
        0.001360544217687075,
        0.0014058956916099773,
        0.0014512471655328798,
        0.0014965986394557824,
        0.0015419501133786847,
        0.0015873015873015873,
        0.0016326530612244899,
        0.0016780045351473924,
        0.0017233560090702948,
        0.0017687074829931973,
        0.0018140589569160999,
        0.0018594104308390022,
        0.0019047619047619048,
        0.0019501133786848073,
        0.00199546485260771,
        0.0020408163265306124,
        0.002086167800453515,
        0.002131519274376417,
        0.0021768707482993197,
        0.0022222222222222222
    ],
    "star": [
        651.9793948096368,
        649.0311131329346,
        635.2434969864561,
        610.8465077325967,
        576.245209238946,
        532.0171995723099,
        478.90153437006745,
        417.7860921552622,
        349.6915761874072,
        275.75502010679276,
        197.21014568665476,
        115.36667636034134,
        31.58828409892923,
        -52.7304322892167,
        -136.1875017016794,
        -217.39704030547168,
        -295.0121634588871,
        -367.7480095575122,
        -434.4031908484106,
        -493.87902352712274,
        -545.19778052312,
        -587.5187498726764,
        -620.1509015809561,
        -642.5640115913881,
        -654.3967713332958,
        -655.4618115830045,
        -645.7486244039475,
        -625.4212418858788,
        -594.8172003454044,
        -554.4409182356688,
        -504.9553576484557,
        -447.17313244564195,
        -382.04319981555454,
        -310.63646011457973,
        -234.12770248265062,
        -153.77640115172198,
        -70.9062083357524,
        13.11684619952472,
        96.90682380837725,
        179.0800591154708,
        258.2782028323606,
        333.1901693418532,
        402.5733923533976,
        465.2745963757061,
        520.2486705486293,
        566.5765128397871,
        603.4804398540217,
        630.3380192412137,
        646.6932359120036,
        652.2648903222367
    ]
}