{
    "cores": 10,
    "n_phases": [
        10,
        15,
        20,
        25,
        30,
        35,
        40,
        45,
        50,
        55,
        60,
        65,
        70,
        75,
        80,
        85,
        90,
        95,
        100,
        105,
        110,
        115,
        120,
        125,
        130,
        135,
        140,
        145,
        150,
        155,
        160,
        165,
        170,
        175,
        180,
        185,
        190,
        195,
        200,
        205,
        210,
        215,
        220,
        225,
        230,
        235,
        240,
        245,
        250,
        255,
        260,
        265,
        270,
        275,
        280,
        285,
        290,
        295,
        300,
        305,
        310,
        315,
        320,
        325,
        330,
        335,
        340,
        345,
        350,
        355,
        360,
        365,
        370,
        375,
        380,
        385,
        390,
        395
    ],
    "elapsed_time": [
        2.4454694271087645,
        3.416956663131714,
        4.304264497756958,
        4.280878567695618,
        6.212634563446045,
        7.225698447227478,
        8.139153456687927,
        9.124442887306213,
        10.006213855743407,
        9.022807502746582,
        11.877392649650574,
        12.956396245956421,
        13.925250172615051,
        14.9061128616333,
        15.659821557998658,
        13.662628245353698,
        17.903269982337953,
        18.729536938667298,
        19.55684897899628,
        20.87989213466644,
        21.64981644153595,
        18.67403519153595,
        23.365407204627992,
        24.587293720245363,
        25.565036034584047,
        26.459210371971132,
        27.34925456047058,
        23.245955395698548,
        29.42898392677307,
        30.41036820411682,
        31.452754664421082,
        32.53815975189209,
        33.33860356807709,
        28.37851481437683,
        35.414074659347534,
        36.192822551727296,
        37.272944688797,
        38.46912331581116,
        39.300054740905765,
        33.11081898212433,
        41.509265947341916,
        42.26924018859863,
        42.98669829368591,
        43.85612931251526,
        45.1320140838623,
        37.861245083808896,
        46.80804781913757,
        47.888377571105956,
        49.076613783836365,
        50.29412806034088,
        51.15564799308777,
        42.45553457736969,
        53.17800025939941,
        54.45618376731873,
        54.932017874717715,
        56.26259293556213,
        57.091287684440616,
        47.57659521102905,
        58.887125730514526,
        59.67303969860077,
        60.69421734809875,
        61.34815046787262,
        62.44503891468048,
        51.69059281349182,
        64.16113212108613,
        65.69551208019257,
        66.0820657491684,
        66.76345572471618,
        68.14351434707642,
        56.44751827716827,
        70.00559241771698,
        71.49574420452117,
        71.7615758895874,
        73.33693153858185,
        74.27345197200775,
        61.63325433731079,
        76.24604485034942,
        77.19609286785126
    ]
}