{
    "cores": 10,
    "n_phases": [
        10,
        15,
        20,
        25,
        30,
        35,
        40,
        45,
        50,
        55,
        60,
        65,
        70,
        75,
        80,
        85,
        90,
        95,
        100,
        105,
        110,
        115,
        120,
        125,
        130,
        135,
        140,
        145,
        150,
        155,
        160,
        165,
        170,
        175,
        180,
        185,
        190,
        195,
        200,
        205,
        210,
        215,
        220,
        225,
        230,
        235,
        240,
        245,
        250,
        255,
        260,
        265,
        270,
        275,
        280,
        285,
        290,
        295,
        300,
        305,
        310,
        315,
        320,
        325,
        330,
        335,
        340,
        345,
        350,
        355,
        360,
        365,
        370,
        375,
        380,
        385,
        390,
        395
    ],
    "elapsed_time": [
        1.2746394157409668,
        1.2650686740875243,
        1.2862557411193847,
        1.3594486713409424,
        1.2816488027572632,
        1.3850862979888916,
        1.4031157732009887,
        1.3764248609542846,
        1.5038145780563354,
        1.4119413375854493,
        1.5427217483520508,
        1.6214627504348755,
        1.5307275772094726,
        1.6090248584747315,
        1.6673119068145752,
        1.6960140705108642,
        1.7638093471527099,
        1.6839166164398194,
        1.7794977188110352,
        1.7532818555831908,
        1.8658549070358277,
        1.6013378620147705,
        1.8783618688583374,
        1.9930939674377441,
        1.9635825634002686,
        1.8367215871810914,
        1.9982827663421632,
        1.8527303457260131,
        2.081349420547485,
        1.94200541973114,
        2.1701608896255493,
        2.273029327392578,
        2.21324942111969,
        1.960481095314026,
        2.2936938047409057,
        2.369857335090637,
        2.291629910469055,
        2.1844995260238647,
        2.430134320259094,
        2.0465105533599854,
        2.409336280822754,
        2.3090677499771117,
        2.566427540779114,
        2.600595474243164,
        2.502308487892151,
        2.2041926860809324,
        2.654411268234253,
        2.682641792297363,
        2.6112883567810057,
        2.5395909547805786,
        2.7904961585998533,
        2.3297328472137453,
        2.6767436981201174,
        2.6649347305297852,
        2.8988165855407715,
        2.8389288663864134,
        2.784326434135437,
        2.5103017330169677,
        3.0272722482681274,
        2.924196219444275,
        2.804189920425415,
        2.914351296424866,
        3.157043218612671,
        2.6396563053131104,
        2.899755096435547,
        3.047375464439392,
        3.2339778184890746,
        3.1246803522109987,
        2.991499328613281,
        2.7634936332702638,
        3.3702444791793824,
        3.190374159812927,
        3.092066931724548,
        3.221938467025757,
        3.484197974205017,
        2.872359204292297,
        3.148667335510254,
        3.388487124443054
    ]
}