{
    "cores": 10,
    "n_phases": [
        10,
        15,
        20,
        25,
        30,
        35,
        40,
        45,
        50,
        55,
        60,
        65,
        70,
        75,
        80,
        85,
        90,
        95,
        100,
        105,
        110,
        115,
        120,
        125,
        130,
        135,
        140,
        145,
        150,
        155,
        160,
        165,
        170,
        175,
        180,
        185,
        190,
        195,
        200,
        205,
        210,
        215,
        220,
        225,
        230,
        235,
        240,
        245,
        250,
        255,
        260,
        265,
        270,
        275,
        280,
        285,
        290,
        295,
        300,
        305,
        310,
        315,
        320,
        325,
        330,
        335,
        340,
        345,
        350,
        355,
        360,
        365,
        370,
        375,
        380,
        385,
        390,
        395
    ],
    "elapsed_time": [
        1.264742875099182,
        1.2700457334518434,
        1.2730488777160645,
        1.2609627008438111,
        1.2733017921447753,
        1.3805493354797362,
        1.4075027227401733,
        1.3612916231155396,
        1.5144470930099487,
        1.375345516204834,
        1.535215973854065,
        1.587163543701172,
        1.5239020347595216,
        1.5784644603729248,
        1.6684154987335205,
        1.6274679899215698,
        1.7419499397277831,
        1.6714452505111694,
        1.7892241477966309,
        1.7495571851730347,
        1.8619483709335327,
        1.6057425260543823,
        1.8789488554000855,
        1.992032527923584,
        1.9957720518112183,
        1.828882384300232,
        2.0203417778015136,
        1.805058479309082,
        2.079232668876648,
        1.9048459768295287,
        2.1277347564697267,
        2.20355110168457,
        2.179834985733032,
        1.9085604190826415,
        2.285644268989563,
        2.3365843057632447,
        2.24621901512146,
        2.152330470085144,
        2.401610517501831,
        2.040142607688904,
        2.331960892677307,
        2.2599653959274293,
        2.471121048927307,
        2.510648775100708,
        2.438306188583374,
        2.199006772041321,
        2.6174041986465455,
        2.634579062461853,
        2.5590193033218385,
        2.521717882156372,
        2.748592472076416,
        2.328532075881958,
        2.637894344329834,
        2.660240340232849,
        2.839718747138977,
        2.8405275344848633,
        2.70912561416626,
        2.4731321573257445,
        2.963278388977051,
        2.864739012718201,
        2.7553934335708616,
        2.8305777311325073,
        3.1712929964065553,
        2.579237937927246,
        2.7879008769989015,
        2.9731598138809203,
        3.2035082817077636,
        3.040001916885376,
        2.9173569679260254,
        2.7265616178512575,
        3.3359654188156127,
        3.138442277908325,
        3.0366507053375242,
        3.2145141839981077,
        3.4623245000839233,
        2.8986244678497313,
        3.0502652883529664,
        3.354043126106262
    ]
}