{
    "cores": 4,
    "n_phases": [
        10,
        15,
        20,
        25,
        30,
        35,
        40,
        45,
        50,
        55,
        60,
        65,
        70,
        75,
        80,
        85,
        90,
        95,
        100,
        105,
        110,
        115,
        120,
        125,
        130,
        135,
        140,
        145,
        150,
        155,
        160,
        165,
        170,
        175,
        180,
        185,
        190,
        195,
        200,
        205,
        210,
        215,
        220,
        225,
        230,
        235,
        240,
        245,
        250,
        255,
        260,
        265,
        270,
        275,
        280,
        285,
        290,
        295,
        300,
        305,
        310,
        315,
        320,
        325,
        330,
        335,
        340,
        345,
        350,
        355,
        360,
        365,
        370,
        375,
        380,
        385,
        390,
        395
    ],
    "elapsed_time": [
        3.439041256904602,
        4.4141178846359255,
        5.6845639705657955,
        5.592045092582703,
        8.927682900428772,
        10.089235162734985,
        11.346530795097351,
        13.221923279762269,
        14.44774513244629,
        13.12113060951233,
        16.753018856048584,
        18.877638244628905,
        20.161577224731445,
        21.246919202804566,
        22.569637870788576,
        19.863153624534608,
        25.70830364227295,
        26.960547947883605,
        28.2638879776001,
        30.091326427459716,
        31.323731350898743,
        26.685938572883607,
        33.780647325515744,
        35.79786744117737,
        37.04946238994599,
        38.19659819602966,
        39.26024191379547,
        33.21871919631958,
        42.510343480110166,
        43.713933038711545,
        44.98423843383789,
        47.2204112291336,
        48.3499409198761,
        40.99509088993072,
        50.66422262191772,
        52.861523842811586,
        53.79448788166046,
        55.023839235305786,
        56.469168305397034,
        47.52282230854034,
        59.53764855861664,
        60.48366558551788,
        61.80560085773468,
        63.87652862071991,
        65.11622078418732,
        54.340507698059085,
        67.46257736682892,
        69.29261803627014,
        70.54100139141083,
        72.40738129615784,
        73.16755430698394,
        61.034803533554076,
        76.35215945243836,
        77.57694232463837,
        79.40395874977112,
        81.02524518966675,
        81.89068205356598,
        68.79517161846161,
        84.33580086231231,
        86.2158746957779,
        87.54563052654267,
        89.16323671340942,
        89.71702499389649,
        75.35688142776489,
        93.09188747406006,
        94.60132474899292,
        95.66964573860169,
        97.61973452568054,
        99.03712313175201,
        81.84527034759522,
        101.39752457141876,
        103.18799464702606,
        104.13217148780822,
        105.66143114566803,
        106.93255157470703,
        89.10589909553528,
        110.46920337677003,
        111.69928967952728
    ]
}