{
    "cores": 4,
    "n_phases": [
        10,
        15,
        20,
        25,
        30,
        35,
        40,
        45,
        50,
        55,
        60,
        65,
        70,
        75,
        80,
        85,
        90,
        95,
        100,
        105,
        110,
        115,
        120,
        125,
        130,
        135,
        140,
        145,
        150,
        155,
        160,
        165,
        170,
        175,
        180,
        185,
        190,
        195,
        200,
        205,
        210,
        215,
        220,
        225,
        230,
        235,
        240,
        245,
        250,
        255,
        260,
        265,
        270,
        275,
        280,
        285,
        290,
        295,
        300,
        305,
        310,
        315,
        320,
        325,
        330,
        335,
        340,
        345,
        350,
        355,
        360,
        365,
        370,
        375,
        380,
        385,
        390,
        395
    ],
    "elapsed_time": [
        1.1845424175262451,
        1.22715106010437,
        1.2365723609924317,
        1.2519523620605468,
        1.3353394985198974,
        1.4318159580230714,
        1.4381658554077148,
        1.5277057886123657,
        1.5114524841308594,
        1.3279747724533082,
        1.6835017204284668,
        1.7346128940582275,
        1.739522647857666,
        1.786943745613098,
        1.825146245956421,
        1.614228653907776,
        1.9265783548355102,
        1.9982606887817382,
        2.0369879245758056,
        2.0398951292037966,
        2.1361659288406374,
        1.665665602684021,
        2.2357676029205322,
        2.248011088371277,
        2.3137593269348145,
        2.325454521179199,
        2.4268579721450805,
        1.9165531635284423,
        2.5225509881973265,
        2.5413092613220214,
        2.6263383626937866,
        2.6353069305419923,
        2.6675299644470214,
        1.98929443359375,
        2.7664941549301147,
        2.835065150260925,
        2.904981827735901,
        2.950494122505188,
        3.0340779781341554,
        2.244111156463623,
        3.054086446762085,
        3.1429543495178223,
        3.1457612991333006,
        3.226259875297546,
        3.267401170730591,
        2.2894959688186645,
        3.375547909736633,
        3.4207807064056395,
        3.4347039461135864,
        3.5123775005340576,
        3.555848407745361,
        2.549749755859375,
        3.6454217433929443,
        3.7549832105636596,
        3.7095152139663696,
        3.7699611663818358,
        3.8343589305877686,
        2.6464120388031005,
        3.9179255247116087,
        3.985849404335022,
        4.00472469329834,
        4.02095901966095,
        4.124383473396302,
        2.8647674322128296,
        4.229679846763611,
        4.198235297203064,
        4.280380892753601,
        4.338584923744202,
        4.413523936271668,
        2.9767982244491575,
        4.423138284683228,
        4.517608308792115,
        4.541332578659057,
        4.609795022010803,
        4.652970790863037,
        3.1531118869781496,
        4.750253438949585,
        4.799561905860901
    ]
}