{
    "cores": 4,
    "n_phases": [
        10,
        15,
        20,
        25,
        30,
        35,
        40,
        45,
        50,
        55,
        60,
        65,
        70,
        75,
        80,
        85,
        90,
        95,
        100,
        105,
        110,
        115,
        120,
        125,
        130,
        135,
        140,
        145,
        150,
        155,
        160,
        165,
        170,
        175,
        180,
        185,
        190,
        195,
        200,
        205,
        210,
        215,
        220,
        225,
        230,
        235,
        240,
        245,
        250,
        255,
        260,
        265,
        270,
        275,
        280,
        285,
        290,
        295,
        300,
        305,
        310,
        315,
        320,
        325,
        330,
        335,
        340,
        345,
        350,
        355,
        360,
        365,
        370,
        375,
        380,
        385,
        390,
        395
    ],
    "elapsed_time": [
        1.1818913698196412,
        1.2492584228515624,
        1.2490575075149537,
        1.3384245872497558,
        1.3526944637298584,
        1.4492303371429442,
        1.453059935569763,
        1.5381394147872924,
        1.5537006616592408,
        1.363596534729004,
        1.6911165714263916,
        1.7517592430114746,
        1.7492912769317628,
        1.8301756381988525,
        1.8515477657318116,
        1.676434373855591,
        1.9577380418777466,
        2.0250329971313477,
        2.0449585199356077,
        2.0540636777877808,
        2.138553285598755,
        1.7047049045562743,
        2.2524587154388427,
        2.302399826049805,
        2.3645766973495483,
        2.4050735950469972,
        2.450494575500488,
        1.9962865591049195,
        2.552415466308594,
        2.5512836933135987,
        2.6604062795639036,
        2.6536151647567747,
        2.705530881881714,
        2.031669020652771,
        2.826306700706482,
        2.86067852973938,
        2.9436914205551146,
        2.964192342758179,
        3.0478688716888427,
        2.3443464994430543,
        3.0619760274887087,
        3.1662459135055543,
        3.234749102592468,
        3.2531887531280517,
        3.3453463554382323,
        2.352287530899048,
        3.4164592266082763,
        3.4560906887054443,
        3.489046406745911,
        3.571947455406189,
        3.572397780418396,
        2.656454563140869,
        3.6809047937393187,
        3.7384331464767455,
        3.76959342956543,
        3.8240158319473267,
        3.8923924446105955,
        2.643905854225159,
        3.9477370738983155,
        4.018945598602295,
        4.053753399848938,
        4.108438014984131,
        4.1312426090240475,
        2.9783662080764772,
        4.2281081199646,
        4.297591280937195,
        4.293729662895203,
        4.404841589927673,
        4.44847559928894,
        3.0002305269241334,
        4.535275173187256,
        4.569417881965637,
        4.623773193359375,
        4.6065109968185425,
        4.757976031303405,
        3.2649510383605955,
        4.822011685371399,
        4.890383505821228
    ]
}