{
    "cores": 1,
    "n_phases": [
        10,
        15,
        20,
        25,
        30,
        35,
        40,
        45,
        50,
        55,
        60,
        65,
        70,
        75,
        80,
        85,
        90,
        95,
        100,
        105,
        110,
        115,
        120,
        125,
        130,
        135,
        140,
        145,
        150,
        155,
        160,
        165,
        170,
        175,
        180,
        185,
        190,
        195,
        200,
        205,
        210,
        215,
        220,
        225,
        230,
        235,
        240,
        245,
        250,
        255,
        260,
        265,
        270,
        275,
        280,
        285,
        290,
        295,
        300,
        305,
        310,
        315,
        320,
        325,
        330,
        335,
        340,
        345,
        350,
        355,
        360,
        365,
        370,
        375,
        380,
        385,
        390,
        395
    ],
    "elapsed_time": [
        1.0317286014556886,
        1.0638983488082885,
        1.272102451324463,
        1.2061869859695435,
        1.3547691345214843,
        1.4449236631393432,
        1.5407629251480102,
        1.5812581777572632,
        1.708185076713562,
        1.4715863466262817,
        1.9062865257263184,
        1.9526374340057373,
        2.084085202217102,
        2.1269280195236204,
        2.199343729019165,
        1.968408966064453,
        2.4083292484283447,
        2.480214071273804,
        2.5502713680267335,
        2.6143818140029906,
        2.7240395069122316,
        2.222516489028931,
        2.912733268737793,
        2.95444803237915,
        3.041844034194946,
        3.0486358880996702,
        3.2019671201705933,
        2.662588930130005,
        3.349971580505371,
        3.3661583185195925,
        3.508758306503296,
        3.524078297615051,
        3.6894861221313477,
        2.9233277797698975,
        3.8398085832595825,
        3.8444234848022463,
        3.9749618053436278,
        4.068688368797302,
        4.155940413475037,
        3.3435988426208496,
        4.299359607696533,
        4.331650567054749,
        4.4527613639831545,
        4.5619590997695925,
        4.630709195137024,
        3.6320178747177123,
        4.782206964492798,
        4.831378936767578,
        4.97888412475586,
        5.007778787612915,
        5.076673150062561,
        4.014008259773254,
        5.32247371673584,
        5.400559449195862,
        5.3919847249984745,
        5.485889267921448,
        5.5952650785446165,
        4.288027048110962,
        5.715574026107788,
        5.7949442863464355,
        5.924990701675415,
        5.902686595916748,
        6.064259266853332,
        4.720844364166259,
        6.209570956230164,
        6.2486567735672,
        6.362395620346069,
        6.4187932968139645,
        6.5534491539001465,
        4.984814643859863,
        6.669463109970093,
        6.740145611763,
        6.86242446899414,
        6.872600197792053,
        7.006460762023925,
        5.356191110610962,
        7.1426002264022825,
        7.242826843261719
    ]
}