{
    "cores": 1,
    "n_phases": [
        10,
        15,
        20,
        25,
        30,
        35,
        40,
        45,
        50,
        55,
        60,
        65,
        70,
        75,
        80,
        85,
        90,
        95,
        100,
        105,
        110,
        115,
        120,
        125,
        130,
        135,
        140,
        145,
        150,
        155,
        160,
        165,
        170,
        175,
        180,
        185,
        190,
        195,
        200,
        205,
        210,
        215,
        220,
        225,
        230,
        235,
        240,
        245,
        250,
        255,
        260,
        265,
        270,
        275,
        280,
        285,
        290,
        295,
        300,
        305,
        310,
        315,
        320,
        325,
        330,
        335,
        340,
        345,
        350,
        355,
        360,
        365,
        370,
        375,
        380,
        385,
        390,
        395
    ],
    "elapsed_time": [
        1.0341371536254882,
        1.0568251609802246,
        1.2860604763031005,
        1.2672728776931763,
        1.356144618988037,
        1.4706559896469116,
        1.56215500831604,
        1.609709882736206,
        1.7501569032669066,
        1.509572720527649,
        1.941551923751831,
        1.9666664600372314,
        2.1271122217178347,
        2.1663665056228636,
        2.2568543910980225,
        2.0248053550720213,
        2.4437292575836183,
        2.4935547351837157,
        2.57358238697052,
        2.6262391328811647,
        2.737845754623413,
        2.271022415161133,
        2.931033205986023,
        2.9720887184143066,
        3.07515811920166,
        3.068819046020508,
        3.269221782684326,
        2.72772479057312,
        3.384673500061035,
        3.4250675439834595,
        3.5270233154296875,
        3.5612859964370727,
        3.6958463907241823,
        2.9731138229370115,
        3.8762794971466064,
        3.8820623397827148,
        4.00190966129303,
        4.111036849021912,
        4.203198504447937,
        3.4412932634353637,
        4.327335667610169,
        4.3964653491973875,
        4.527088618278503,
        4.599041390419006,
        4.6530084133148195,
        3.6478105545043946,
        4.838665580749511,
        4.871367025375366,
        5.0312564134597775,
        5.014961171150207,
        5.111653828620911,
        4.082418584823609,
        5.309907102584839,
        5.356062364578247,
        5.443512773513794,
        5.5151962518692015,
        5.6161822319030765,
        4.285129451751709,
        5.776361107826233,
        5.841605925559998,
        5.915597248077392,
        5.941125869750977,
        6.09423508644104,
        4.8084718704223635,
        6.222499179840088,
        6.326550579071045,
        6.480821561813355,
        6.446898865699768,
        6.566010260581971,
        5.007124543190002,
        6.715558695793152,
        6.759481382369995,
        6.899508762359619,
        6.894291567802429,
        7.042080616950988,
        5.456417274475098,
        7.20461323261261,
        7.226829528808594
    ]
}