{
    "cores": 1,
    "n_phases": [
        10,
        15,
        20,
        25,
        30,
        35,
        40,
        45,
        50,
        55,
        60,
        65,
        70,
        75,
        80,
        85,
        90,
        95,
        100,
        105,
        110,
        115,
        120,
        125,
        130,
        135,
        140,
        145,
        150,
        155,
        160,
        165,
        170,
        175,
        180,
        185,
        190,
        195,
        200,
        205,
        210,
        215,
        220,
        225,
        230,
        235,
        240,
        245,
        250,
        255,
        260,
        265,
        270,
        275,
        280,
        285,
        290,
        295,
        300,
        305,
        310,
        315,
        320,
        325,
        330,
        335,
        340,
        345,
        350,
        355,
        360,
        365,
        370,
        375,
        380,
        385,
        390,
        395
    ],
    "elapsed_time": [
        9.186854648590089,
        13.675579047203064,
        18.476634192466737,
        18.230266833305357,
        27.515877962112427,
        31.89358220100403,
        36.26370124816894,
        40.62007863521576,
        45.35871524810791,
        40.604248046875,
        54.38222346305847,
        59.02476370334625,
        63.69057669639587,
        68.69696102142333,
        73.69170758724212,
        63.54343476295471,
        82.17749509811401,
        87.16059422492981,
        91.76561093330383,
        95.90994560718536,
        100.73061256408691,
        86.37938618659973,
        110.55902588367462,
        115.03993072509766,
        118.98544864654541,
        122.3837196111679,
        128.12568979263307,
        109.32353222370148,
        137.5720983028412,
        141.82335608005525,
        146.10514492988585,
        150.73690090179443,
        155.6571212053299,
        132.26923229694367,
        165.3740508556366,
        168.95843529701233,
        173.64175539016725,
        177.2072487592697,
        181.60053832530974,
        153.85030121803283,
        192.0303651571274,
        197.4277177333832,
        202.11639149188994,
        206.9332534313202,
        212.33989465236664,
        176.62090439796447,
        218.533349275589,
        223.2782898902893,
        228.10302290916442,
        230.80397152900696,
        235.7356719970703,
        199.13986535072326,
        245.47066831588745,
        250.35932080745698,
        254.38764715194702,
        256.41157879829404,
        262.00583531856535,
        220.56043455600738,
        271.97690653800964,
        276.98023970127105,
        281.1381950378418,
        285.28114585876466,
        291.6728121757507,
        243.59758694171904,
        300.63170597553255,
        305.0196951389313,
        310.5919824361801,
        314.97580471038816,
        319.6484402656555,
        266.1544412136078,
        328.53234295845033,
        332.0465014457703,
        336.56507751941683,
        341.46936240196226,
        347.25700244903567,
        289.9882086277008,
        355.3841660737991,
        360.20674922466276
    ]
}