{
    "Generic.Bessell.B": [
        0.9774294121916219,
        0.9743718458053551,
        0.9713712107971137,
        0.955330898933679,
        0.9456758606981727,
        0.9453059613738946,
        0.9456758606981727,
        0.955330898933679,
        0.9713712107971137,
        0.9743718458053551,
        0.9774294121916219,
        0.9809646988978366,
        0.9846372770917364,
        0.9884464927677986,
        0.9920997607820536,
        0.9952160273738858,
        0.997825671847834,
        0.9994492696990541,
        1.0,
        0.9993778453685318,
        0.9974855486635316,
        0.9946546167084673,
        0.9907970262439815,
        0.986295132428784,
        0.9815196075268792,
        0.9766152786594772,
        0.9720883332286155,
        0.9657107993566232,
        0.8966860055925554,
        0.8270024883294627,
        0.8156567408392292,
        0.8270024883294627,
        0.8966860055925554,
        0.9657107993566232,
        0.9720883332286155,
        0.9766152786594772,
        0.9815196075268792,
        0.986295132428784,
        0.9907970262439815,
        0.9946546167084673,
        0.9974855486635316,
        0.9993778453685318,
        1.0,
        0.9994492696990541,
        0.997825671847834,
        0.9952160273738858,
        0.9920997607820536,
        0.9884464927677986,
        0.9846372770917364,
        0.9809646988978366,
        0.9774294121916219,
        0.9743718458053551,
        0.9713712107971137,
        0.955330898933679,
        0.9456758606981727,
        0.9453059613738946,
        0.9456758606981727,
        0.955330898933679,
        0.9713712107971137,
        0.9743718458053551,
        0.9774294121916219
    ],
    "Generic.Bessell.V": [
        0.8404141560756275,
        0.8381008397221715,
        0.8354814573102697,
        0.8154117958336581,
        0.8031153722031492,
        0.8028415827987545,
        0.8031153722031492,
        0.8154117958336581,
        0.8354814573102697,
        0.8381008397221715,
        0.8404141560756275,
        0.8430980901662323,
        0.84586302600588,
        0.848733873559736,
        0.8514946710435685,
        0.8537972879202798,
        0.8557545940632507,
        0.8569209676584857,
        0.8572727893651702,
        0.8567463685682807,
        0.855247136682448,
        0.8531261243810713,
        0.8502341695188352,
        0.8469206060012208,
        0.8434516124695107,
        0.8398947284782712,
        0.8366450819647847,
        0.8314989881365181,
        0.7719381991004034,
        0.7164127942717512,
        0.7087292221232644,
        0.7164127942717512,
        0.7719381991004034,
        0.8314989881365181,
        0.8366450819647847,
        0.8398947284782712,
        0.8434516124695107,
        0.8469206060012208,
        0.8502341695188352,
        0.8531261243810713,
        0.855247136682448,
        0.8567463685682807,
        0.8572727893651702,
        0.8569209676584857,
        0.8557545940632507,
        0.8537972879202798,
        0.8514946710435685,
        0.848733873559736,
        0.84586302600588,
        0.8430980901662323,
        0.8404141560756275,
        0.8381008397221715,
        0.8354814573102697,
        0.8154117958336581,
        0.8031153722031492,
        0.8028415827987545,
        0.8031153722031492,
        0.8154117958336581,
        0.8354814573102697,
        0.8381008397221715,
        0.8404141560756275
    ],
    "Generic.Bessell.R": [
        0.6444244735728161,
        0.6427787208997804,
        0.6407166419408167,
        0.6222912183958629,
        0.6108768891309825,
        0.6106852621417684,
        0.6108768891309825,
        0.6222912183958629,
        0.6407166419408167,
        0.6427787208997804,
        0.6444244735728161,
        0.6463373771981875,
        0.6482946733911519,
        0.6503258837408108,
        0.6522827109821373,
        0.6538825461842729,
        0.6552579715085506,
        0.6560450861438452,
        0.6562527668813208,
        0.655843475730225,
        0.6547381685375366,
        0.653244810486778,
        0.6512095175965108,
        0.648915772167365,
        0.646541697557951,
        0.6441125755941484,
        0.6419134441424927,
        0.6380955563842716,
        0.5922293633353972,
        0.5521362880321165,
        0.5474533024698083,
        0.5521362880321165,
        0.5922293633353972,
        0.6380955563842716,
        0.6419134441424927,
        0.6441125755941484,
        0.646541697557951,
        0.648915772167365,
        0.6512095175965108,
        0.653244810486778,
        0.6547381685375366,
        0.655843475730225,
        0.6562527668813208,
        0.6560450861438452,
        0.6552579715085506,
        0.6538825461842729,
        0.6522827109821373,
        0.6503258837408108,
        0.6482946733911519,
        0.6463373771981875,
        0.6444244735728161,
        0.6427787208997804,
        0.6407166419408167,
        0.6222912183958629,
        0.6108768891309825,
        0.6106852621417684,
        0.6108768891309825,
        0.6222912183958629,
        0.6407166419408167,
        0.6427787208997804,
        0.6444244735728161
    ]
}