{
  "Generic.Bessell.V": [
    0.98977255,
    0.98887137,
    0.98801165,
    0.86524096,
    0.49364297,
    0.42887859,
    0.49364297,
    0.86524096,
    0.98801165,
    0.98887137,
    0.98977255,
    0.99057402,
    0.99196501,
    0.99330763,
    0.99436415,
    0.99545119,
    0.99705024,
    0.99740203,
    0.99820531,
    0.99944348,
    0.99937624,
    0.99972979,
    1.0,
    0.99984487,
    0.99949491,
    0.99958077,
    0.99940839,
    0.99912005,
    0.98154619,
    0.91208517,
    0.88088043,
    0.91208517,
    0.98154619,
    0.99912005,
    0.99940839,
    0.99958077,
    0.99949491,
    0.99984487,
    1.0,
    0.99972979,
    0.99937624,
    0.99944348,
    0.99820531,
    0.99740203,
    0.99705024,
    0.99545119,
    0.99436415,
    0.99330763,
    0.99196501,
    0.99057402,
    0.98977255,
    0.98887137,
    0.98801165,
    0.86524096,
    0.49364297,
    0.42887859,
    0.49364297,
    0.86524096,
    0.98801165,
    0.98887137,
    0.98977255
  ],
  "Generic.Bessell.B": [
    0.72322368,
    0.72268273,
    0.72213728,
    0.61204661,
    0.26861908,
    0.2123301,
    0.26861908,
    0.61204661,
    0.72213728,
    0.72268273,
    0.72322368,
    0.7236686,
    0.72452166,
    0.72532048,
    0.72587464,
    0.72646506,
    0.72739953,
    0.72743952,
    0.72781858,
    0.72853224,
    0.72832693,
    0.72842793,
    0.72851971,
    0.72830681,
    0.72797791,
    0.72799005,
    0.72783278,
    0.7275953,
    0.71948198,
    0.68376084,
    0.6655482,
    0.68376084,
    0.71948198,
    0.7275953,
    0.72783278,
    0.72799005,
    0.72797791,
    0.72830681,
    0.72851971,
    0.72842793,
    0.72832693,
    0.72853224,
    0.72781858,
    0.72743952,
    0.72739953,
    0.72646506,
    0.72587464,
    0.72532048,
    0.72452166,
    0.7236686,
    0.72322368,
    0.72268273,
    0.72213728,
    0.61204661,
    0.26861908,
    0.2123301,
    0.26861908,
    0.61204661,
    0.72213728,
    0.72268273,
    0.72322368
  ],
  "Generic.Bessell.R": [
    0.97433043,
    0.97341726,
    0.97256159,
    0.86488974,
    0.54496853,
    0.48710902,
    0.54496853,
    0.86488974,
    0.97256159,
    0.97341726,
    0.97433043,
    0.97515098,
    0.97654752,
    0.97789686,
    0.97898853,
    0.98007777,
    0.98168471,
    0.98205352,
    0.98284791,
    0.98404961,
    0.98395306,
    0.98427963,
    0.98448526,
    0.98429059,
    0.98389862,
    0.98392694,
    0.98370486,
    0.98338603,
    0.96248716,
    0.88543989,
    0.85383861,
    0.88543989,
    0.96248716,
    0.98338603,
    0.98370486,
    0.98392694,
    0.98389862,
    0.98429059,
    0.98448526,
    0.98427963,
    0.98395306,
    0.98404961,
    0.98284791,
    0.98205352,
    0.98168471,
    0.98007777,
    0.97898853,
    0.97789686,
    0.97654752,
    0.97515098,
    0.97433043,
    0.97341726,
    0.97256159,
    0.86488974,
    0.54496853,
    0.48710902,
    0.54496853,
    0.86488974,
    0.97256159,
    0.97341726,
    0.97433043
  ]
}