{
  "Generic.Bessell.V": [
    0.99130207,
    0.99038955,
    0.98956718,
    0.89431523,
    0.60720625,
    0.55685351,
    0.60720625,
    0.89431523,
    0.98956718,
    0.99038955,
    0.99130207,
    0.99215745,
    0.99347501,
    0.99474414,
    0.99581908,
    0.99681358,
    0.99821215,
    0.99854319,
    0.99914466,
    1.0,
    0.99973252,
    0.99978295,
    0.99964726,
    0.99919254,
    0.99856292,
    0.99827016,
    0.99779989,
    0.99731031,
    0.97266995,
    0.88641053,
    0.85366858,
    0.88641053,
    0.97266995,
    0.99731031,
    0.99779989,
    0.99827016,
    0.99856292,
    0.99919254,
    0.99964726,
    0.99978295,
    0.99973252,
    1.0,
    0.99914466,
    0.99854319,
    0.99821215,
    0.99681358,
    0.99581908,
    0.99474414,
    0.99347501,
    0.99215745,
    0.99130207,
    0.99038955,
    0.98956718,
    0.89431523,
    0.60720625,
    0.55685351,
    0.60720625,
    0.89431523,
    0.98956718,
    0.99038955,
    0.99130207
  ],
  "Generic.Bessell.B": [
    0.91784416,
    0.91707633,
    0.91635811,
    0.80851247,
    0.4761064,
    0.42038551,
    0.4761064,
    0.80851247,
    0.91635811,
    0.91707633,
    0.91784416,
    0.91854109,
    0.91968896,
    0.92079101,
    0.92167217,
    0.92253615,
    0.92378007,
    0.92402169,
    0.92456911,
    0.92540928,
    0.92519899,
    0.92529378,
    0.92528077,
    0.92493739,
    0.92443801,
    0.92427931,
    0.92394133,
    0.92355242,
    0.90598044,
    0.83877258,
    0.80976817,
    0.83877258,
    0.90598044,
    0.92355242,
    0.92394133,
    0.92427931,
    0.92443801,
    0.92493739,
    0.92528077,
    0.92529378,
    0.92519899,
    0.92540928,
    0.92456911,
    0.92402169,
    0.92378007,
    0.92253615,
    0.92167217,
    0.92079101,
    0.91968896,
    0.91854109,
    0.91784416,
    0.91707633,
    0.91635811,
    0.80851247,
    0.4761064,
    0.42038551,
    0.4761064,
    0.80851247,
    0.91635811,
    0.91707633,
    0.91784416
  ],
  "Generic.Bessell.R": [
    0.85481107,
    0.85400626,
    0.85328996,
    0.77958398,
    0.56159526,
    0.52188496,
    0.56159526,
    0.77958398,
    0.85328996,
    0.85400626,
    0.85481107,
    0.85556717,
    0.85671796,
    0.85782342,
    0.85877618,
    0.85963146,
    0.86084805,
    0.86112962,
    0.86163381,
    0.86234627,
    0.86207755,
    0.86209798,
    0.86193181,
    0.86150836,
    0.86093289,
    0.86064629,
    0.86020964,
    0.85976932,
    0.83597835,
    0.7563831,
    0.72840476,
    0.7563831,
    0.83597835,
    0.85976932,
    0.86020964,
    0.86064629,
    0.86093289,
    0.86150836,
    0.86193181,
    0.86209798,
    0.86207755,
    0.86234627,
    0.86163381,
    0.86112962,
    0.86084805,
    0.85963146,
    0.85877618,
    0.85782342,
    0.85671796,
    0.85556717,
    0.85481107,
    0.85400626,
    0.85328996,
    0.77958398,
    0.56159526,
    0.52188496,
    0.56159526,
    0.77958398,
    0.85328996,
    0.85400626,
    0.85481107
  ]
}