{
  "Generic.Bessell.B": [
    0.9797382960911909,
    0.9769784463980064,
    0.9741262367289021,
    0.9549624542131944,
    0.9442203166723157,
    0.9438509866813303,
    0.9442203166723157,
    0.9549624542131944,
    0.9741262367289021,
    0.9769784463980064,
    0.9797382960911909,
    0.9829404108617746,
    0.9862625882095876,
    0.9897183276904783,
    0.9930334196252133,
    0.9958413801793139,
    0.9981858092397021,
    0.9995990185991361,
    1.0,
    0.9992948857693821,
    0.9973833370236107,
    0.9945959353735371,
    0.99083271120614,
    0.9864689675341538,
    0.9818565782397256,
    0.9771298280780627,
    0.972774619761647,
    0.9665517499007736,
    0.8975579000757307,
    0.8276727166788599,
    0.8161993294399555,
    0.8276727166788599,
    0.8975579000757307,
    0.9665517499007736,
    0.972774619761647,
    0.9771298280780627,
    0.9818565782397256,
    0.9864689675341538,
    0.99083271120614,
    0.9945959353735371,
    0.9973833370236107,
    0.9992948857693821,
    1.0,
    0.9995990185991361,
    0.9981858092397021,
    0.9958413801793139,
    0.9930334196252133,
    0.9897183276904783,
    0.9862625882095876,
    0.9829404108617746,
    0.9797382960911909,
    0.9769784463980064,
    0.9741262367289021,
    0.9549624542131944,
    0.9442203166723157,
    0.9438509866813303,
    0.9442203166723157,
    0.9549624542131944,
    0.9741262367289021,
    0.9769784463980064,
    0.9797382960911909
  ],
  "Generic.Bessell.V": [
    0.9828914667597684,
    0.9805002166838427,
    0.9775837320509045,
    0.9508850668304599,
    0.9353924158550256,
    0.9350735319919143,
    0.9353924158550256,
    0.9508850668304599,
    0.9775837320509045,
    0.9805002166838427,
    0.9828914667597684,
    0.9856762997651546,
    0.988535976297713,
    0.991510982921329,
    0.9943684270711791,
    0.9967141689501199,
    0.998693114409022,
    0.9997955329868203,
    1.0,
    0.9992379446099879,
    0.9973972489685389,
    0.9948877429143621,
    0.9915255838145188,
    0.9877145327109637,
    0.9837484085077834,
    0.9796999952405803,
    0.9760122381378046,
    0.9701081926037003,
    0.9006711614734761,
    0.8357840499564285,
    0.8267383462626718,
    0.8357840499564285,
    0.9006711614734761,
    0.9701081926037003,
    0.9760122381378046,
    0.9796999952405803,
    0.9837484085077834,
    0.9877145327109637,
    0.9915255838145188,
    0.9948877429143621,
    0.9973972489685389,
    0.9992379446099879,
    1.0,
    0.9997955329868203,
    0.998693114409022,
    0.9967141689501199,
    0.9943684270711791,
    0.991510982921329,
    0.988535976297713,
    0.9856762997651546,
    0.9828914667597684,
    0.9805002166838427,
    0.9775837320509045,
    0.9508850668304599,
    0.9353924158550256,
    0.9350735319919143,
    0.9353924158550256,
    0.9508850668304599,
    0.9775837320509045,
    0.9805002166838427,
    0.9828914667597684
  ],
  "Generic.Bessell.R": [
    0.9846165414085087,
    0.9824157297699695,
    0.9794040408729846,
    0.9480033361012513,
    0.9294459820047497,
    0.9291544225459821,
    0.9294459820047497,
    0.9480033361012513,
    0.9794040408729846,
    0.9824157297699695,
    0.9846165414085087,
    0.9871845589498688,
    0.9897997227918067,
    0.9925167069722428,
    0.9951287862936334,
    0.9972156588347872,
    0.9989925556400818,
    0.9999140495756315,
    1.0,
    0.9991986096642944,
    0.9973884154594528,
    0.9950396460175405,
    0.9919092036296199,
    0.9884270405181523,
    0.984849071182976,
    0.9812101962696473,
    0.9779279931320723,
    0.9721815570214017,
    0.9023352932675682,
    0.8411633375268183,
    0.8339652231797826,
    0.8411633375268183,
    0.9023352932675682,
    0.9721815570214017,
    0.9779279931320723,
    0.9812101962696473,
    0.984849071182976,
    0.9884270405181523,
    0.9919092036296199,
    0.9950396460175405,
    0.9973884154594528,
    0.9991986096642944,
    1.0,
    0.9999140495756315,
    0.9989925556400818,
    0.9972156588347872,
    0.9951287862936334,
    0.9925167069722428,
    0.9897997227918067,
    0.9871845589498688,
    0.9846165414085087,
    0.9824157297699695,
    0.9794040408729846,
    0.9480033361012513,
    0.9294459820047497,
    0.9291544225459821,
    0.9294459820047497,
    0.9480033361012513,
    0.9794040408729846,
    0.9824157297699695,
    0.9846165414085087
  ]
}