{
  "primary": [
    56302.55205789,
    49753.8731449,
    42735.95787832,
    35359.4829742,
    27740.77984826,
    20000.0,
    12259.22015174,
    4640.5170258,
    -2735.95787832,
    -9753.8731449,
    -16302.55205789,
    -22278.71803882,
    -27588.1233802,
    -32147.03558811,
    -35883.55789367,
    -38738.76310802,
    -40667.62293932,
    -41639.71811579,
    -41639.71811579,
    -40667.62293932,
    -38738.76310802,
    -35883.55789367,
    -32147.03558811,
    -27588.1233802,
    -22278.71803882,
    -16302.55205789,
    -9753.8731449,
    -2735.95787832,
    4640.5170258,
    12259.22015174,
    20000.0,
    27740.77984826,
    35359.4829742,
    42735.95787832,
    49753.8731449,
    56302.55205789,
    62278.71803882,
    67588.1233802,
    72147.03558811,
    75883.55789367,
    78738.76310802,
    80667.62293932,
    81639.71811579,
    81639.71811579,
    80667.62293932,
    78738.76310802,
    75883.55789367,
    72147.03558811,
    67588.1233802,
    62278.71803882,
    56302.55205789,
    49753.8731449,
    42735.95787832,
    35359.4829742,
    27740.77984826,
    20000.0,
    12259.22015174,
    4640.5170258,
    -2735.95787832,
    -9753.8731449,
    -16302.55205789
  ],
  "secondary": [
    -52605.10411577,
    -39507.74628981,
    -25471.91575665,
    -10718.9659484,
    4518.44030348,
    20000.0,
    35481.55969652,
    50718.9659484,
    65471.91575665,
    79507.74628981,
    92605.10411577,
    104557.43607764,
    115176.24676041,
    124294.07117623,
    131767.11578734,
    137477.52621604,
    141335.24587865,
    143279.43623159,
    143279.43623159,
    141335.24587865,
    137477.52621604,
    131767.11578734,
    124294.07117623,
    115176.24676041,
    104557.43607764,
    92605.10411577,
    79507.74628981,
    65471.91575665,
    50718.9659484,
    35481.55969652,
    20000.0,
    4518.44030348,
    -10718.9659484,
    -25471.91575665,
    -39507.74628981,
    -52605.10411577,
    -64557.43607764,
    -75176.24676041,
    -84294.07117623,
    -91767.11578734,
    -97477.52621604,
    -101335.24587865,
    -103279.43623159,
    -103279.43623159,
    -101335.24587865,
    -97477.52621604,
    -91767.11578734,
    -84294.07117623,
    -75176.24676041,
    -64557.43607764,
    -52605.10411577,
    -39507.74628981,
    -25471.91575665,
    -10718.9659484,
    4518.44030348,
    20000.0,
    35481.55969653,
    50718.9659484,
    65471.91575665,
    79507.74628981,
    92605.10411577
  ]
}