{
  "primary": [
    -16302.55206979,
    -9753.87315904,
    -2735.95789431,
    4640.51700842,
    12259.2201335,
    19999.99998147,
    27740.77983003,
    35359.48295682,
    42735.95786234,
    49753.87313077,
    56302.55204598,
    62278.71802943,
    67588.12337349,
    72147.03558412,
    75883.55789235,
    78738.7631092,
    80667.62294275,
    81639.71812115,
    81639.7181227,
    80667.62294738,
    78738.76311684,
    75883.55790286,
    72147.03559736,
    67588.12338923,
    62278.71804744,
    56302.55206597,
    49753.87315242,
    42735.95788531,
    35359.48298075,
    27740.77985453,
    20000.00000618,
    12259.22015801,
    4640.51703235,
    -2735.95787134,
    -9753.87313739,
    -16302.5520498,
    -22278.71803021,
    -27588.12337117,
    -32147.03557886,
    -35883.55788447,
    -38738.76309921,
    -40667.62293127,
    -41639.71810889,
    -41639.71811044,
    -40667.6229359,
    -38738.76310684,
    -35883.55789499,
    -32147.0355921,
    -27588.12338692,
    -22278.71804821,
    -16302.55206979,
    -9753.87315904,
    -2735.95789431,
    4640.51700842,
    12259.2201335,
    19999.99998147,
    27740.77983003,
    35359.48295682,
    42735.95786234,
    49753.87313077,
    56302.55204598
  ],
  "secondary": [
    92605.10413957,
    79507.74631807,
    65471.91578862,
    50718.96598315,
    35481.559733,
    20000.00003706,
    4518.44033995,
    -10718.96591365,
    -25471.91572467,
    -39507.74626154,
    -52605.10409197,
    -64557.43605886,
    -75176.24674697,
    -84294.07116825,
    -91767.11578469,
    -97477.5262184,
    -101335.24588551,
    -103279.43624229,
    -103279.43624539,
    -101335.24589476,
    -97477.52623367,
    -91767.11580573,
    -84294.07119472,
    -75176.24677847,
    -64557.43609488,
    -52605.10413194,
    -39507.74630484,
    -25471.91577061,
    -10718.9659615,
    4518.44029093,
    19999.99998765,
    35481.55968398,
    50718.9659353,
    65471.91574268,
    79507.74627478,
    92605.1040996,
    104557.43606041,
    115176.24674235,
    124294.07115773,
    131767.11576894,
    137477.52619842,
    141335.24586254,
    143279.43621778,
    143279.43622088,
    141335.24587179,
    137477.52621368,
    131767.11578998,
    124294.0711842,
    115176.24677384,
    104557.43609643,
    92605.10413957,
    79507.74631807,
    65471.91578862,
    50718.96598315,
    35481.559733,
    20000.00003706,
    4518.44033995,
    -10718.96591365,
    -25471.91572467,
    -39507.74626154,
    -52605.10409197
  ]
}