{"single": {"discretization": [0.017453292519943295, 0.020943951023931952, 0.024434609527920613, 0.02792526803190927, 0.03141592653589793, 0.034906585039886584, 0.03839724354387525, 0.0418879020478639, 0.04537856055185256, 0.048869219055841226, 0.052359877559829876, 0.05585053606381853, 0.0593411945678072, 0.06283185307179585, 0.06632251157578452, 0.06981317007977317, 0.07330382858376183, 0.0767944870877505, 0.08028514559173916, 0.0837758040957278, 0.08726646259971646, 0.09075712110370512, 0.09424777960769377, 0.09773843811168244, 0.1012290966156711, 0.10471975511965975, 0.10821041362364842, 0.11170107212763707, 0.11519173063162573, 0.1186823891356144, 0.12217304763960304, 0.1256637061435917, 0.12915436464758037, 0.13264502315156904, 0.1361356816555577, 0.13962634015954634, 0.143116998663535, 0.14660765716752366, 0.1500983156715123, 0.15358897417550096, 0.15707963267948963, 0.16057029118347826, 0.16406094968746696, 0.1675516081914556, 0.17104226669544426, 0.17453292519943292, 0.17802358370342158, 0.18151424220741025, 0.18500490071139888, 0.18849555921538755, 0.1919862177193762, 0.19547687622336488, 0.19896753472735354, 0.2024581932313422, 0.20594885173533084], "correction": [1.0, 1.3000019073486329, 1.3000019073486329, 1.3000019073486329, 1.3000019073486329, 1.3000019073486329, 1.3000019073486329, 1.3000019073486329, 1.3000019073486329, 1.181509780883789, 1.1876667022705079, 1.1753108978271485, 1.2005718231201172, 1.187277603149414, 1.3000019073486329, 1.3000019073486329, 1.3000019073486329, 1.3000019073486329, 1.2191417694091797, 1.3000019073486329, 1.3000019073486329, 1.2211101531982422, 1.2552288055419922, 1.3000019073486329, 1.259341049194336, 1.2892749786376954, 1.275656509399414, 1.2448299407958985, 1.2999980926513672, 1.2646968841552735, 1.2999980926513672, 1.2999980926513672, 1.2797954559326172, 1.375510025024414, 1.3400676727294922, 1.2999980926513672, 1.3316715240478516, 1.3962848663330079, 1.3639629364013672, 1.3397205352783204, 1.3064945220947266, 1.3462627410888672, 1.4269168853759766, 1.397188949584961, 1.368674087524414, 1.2999980926513672, 1.3957393646240235, 1.2999980926513672, 1.4703472137451172, 1.443117904663086, 1.2999980926513672, 1.2999980926513672, 1.4152210235595704, 1.2999980926513672, 1.4148967742919922]}}