{
  "primary": {
    "jd": [
      51254.5913,
      51254.6031,
      51254.6169,
      51254.6287,
      51254.6408,
      51254.6549,
      51254.6668,
      51254.6796,
      51254.6916,
      51261.5672,
      51261.5790,
      51261.5919,
      51261.6038,
      51261.7384,
      51261.7507,
      51261.7638,
      51261.7761,
      51267.5473,
      51267.5584,
      51267.5749,
      51267.5892,
      51267.6009,
      51267.61455,
      51267.62520
    ],
    "vr": [
      44.1,
      64.7,
      66.4,
      91.2,
      96.9,
      68.7,
      81.4,
      76.9,
      58.9,
      -102.7,
      -111.6,
      -95.5,
      -91.5,
      70.8,
      90.7,
      80.2,
      77.6,
      -100.9,
      -100.1,
      -112.0,
      -100.0,
      -101.2,
      -81.2,
      -74.6
    ],
    "err": [
      9.3,
      1.4,
      10.7,
      8.3,
      11.9,
      13.9,
      4.9,
      10.7,
      5.6,
      1.5,
      6.0,
      7.3,
      5.0,
      5.0,
      8.3,
      4.8,
      5.8,
      6.1,
      1.4,
      6.4,
      3.3,
      3.7,
      5.4,
      0.5
    ]
  },
  "secondary": {
    "jd": [
      51254.5913,
      51254.6031,
      51254.6169,
      51254.6287,
      51254.6408,
      51254.6549,
      51254.6668,
      51254.6796,
      51254.6916,
      51261.5672,
      51261.5790,
      51261.5919,
      51261.6038,
      51261.7384,
      51261.7507,
      51261.7638,
      51261.7761,
      51267.5473,
      51267.5584,
      51267.5749,
      51267.5892,
      51267.6009,
      51267.61455,
      51267.62520
    ],
    "vr": [
      -206.1,
      -234.4,
      -257.2,
      -238.4,
      -241.3,
      -266.7,
      -247.6,
      -222.2,
      -187.3,
      246.0,
      255.9,
      249.7,
      213.5,
      -264.1,
      -232.4,
      -281.1,
      -275.1,
      206.2,
      262.7,
      238.2,
      232.6,
      220.8,
      199.8,
      193.4
    ],
    "err": [
      22.1,
      15.7,
      8.4,
      26.2,
      29.2,
      2.8,
      0.3,
      3.2,
      3.6,
      0.1,
      6.1,
      7.5,
      11.3,
      18.8,
      30.8,
      10.7,
      9.2,
      14.0,
      24.2,
      11.6,
      11.0,
      6.9,
      2.0,
      26.8
    ]
  }
}
